keyword,frequency,salience
----------------
TEST PDF,1,0.70126146
MUSEUMS,2,0.45302907
MUSEUMS,2,0.08966483
TEST PDF,1,0.4226937
DENVER,2,0.08273279
DENVER,2,0.063104324
NEW YORK,1,0.04376014
NEW YORK,1,0.028880697
