keyword,frequency,salience
----------------
DREAMS,1,0.3720978
MUSEUMS,2,0.45302907
GREGOR SAMSA,1,0.32892174
TEST PDF,1,0.4226937
VERMIN,1,0.18222134
DENVER,2,0.063104324
BED,1,0.116759144
NEW YORK,1,0.028880697
