keyword,frequency,salience
----------------
GREGOR SAMSA,40,0.23902301
TEST PDF,1,0.7079681
RIGHT,195,0.13831186
MUSEUMS,3,0.08518781
BOSS,286,0.08662924
DENVER,2,0.07935406
SLEEP,226,0.07017486
NEW YORK,1,0.04922226
