keyword,frequency,salience
----------------
GREGOR SAMSA,9,0.53653467
TEST PDF,1,0.7079681
RIGHT,40,0.05841073
MUSEUMS,3,0.08518781
BOSS,76,0.03620464
DENVER,2,0.07935406
SLEEP,45,0.023853034
NEW YORK,1,0.04922226
