keyword,frequency,salience
----------------
TEST PDF,1,0.7079681
MUSEUMS,2,0.45302907
MUSEUMS,3,0.08518781
TEST PDF,1,0.4226937
DENVER,2,0.07935406
DENVER,2,0.063104324
NEW YORK,1,0.04922226
NEW YORK,1,0.028880697
